Id,ENG Description,FRA Description,POR Description,ENG longdescription,FRA longdescription,POR longdescription
AFG,Afghanistan,Afghanistan,Afeganistão,Afghanistan,Afghanistan,Afeganistão
AHO,Netherlands Antilles,Antilles néerl.,Antilhas Holandesas,Netherlands Antilles,Antilles néerlandaises,Antilhas Holandesas
AIA,Anguilla,Anguilla,Anguilla,Anguilla,Anguilla,Anguilla
ALA,Åland Islands,Îles Åland,Ilhas Åland,Åland Islands,Îles Åland,Ilhas Åland
ALB,Albania,Albanie,Albânia,Albania,Albanie,Albânia
ALG,Algeria,Algérie,Argélia,Algeria,Algérie,Argélia
AND,Andorra,Andorre,Andorra,Andorra,Andorre,Andorra
ANG,Angola,Angola,Angola,Angola,Angola,Angola
ANT,Antigua and Barbuda,Antigua-et-Barbuda,Antígua e Barbuda,Antigua and Barbuda,Antigua-et-Barbuda,Antígua e Barbuda
ANZ,AUS/NZL,AUS/NZL,AUS/NZL,Australia/New Zealand,Australie/Nouvelle-Zélande,Austrrália/Nova Zelândia
APA,Stateless,Apatride,Apátrida,Stateless,Apatride,Apátrida
ARG,Argentina,Argentine,Argentina,Argentina,Argentine,Argentina
ARM,Armenia,Arménie,Armênia,Armenia,Arménie,Armênia
ARU,Aruba,Aruba,Aruba,Aruba,Aruba,Aruba
ASA,American Samoa,Samoa Américaines,Samoa Americana,American Samoa,Samoa Américaines,Samoa Americana
ATA,Antarctica,Antarctique,Antártida,Antarctica,Antarctique,Antártida
ATF,French Southern Territories,Terres australes françaises,Territórios Franceses do Sul,French Southern Territories,Terres australes françaises,Territórios Franceses do Sul
AUS,Australia,Australie,Austrália,Australia,Australie,Austrália
AUT,Austria,Autriche,Áustria,Austria,Autriche,Áustria
AZE,Azerbaijan,Azerbaïdjan,Azerbaijão,Azerbaijan,Azerbaïdjan,Azerbaijão
BAH,Bahamas,Bahamas,Bahamas,Bahamas,Bahamas,Bahamas
BAN,Bangladesh,Bangladesh,Bangladesh,Bangladesh,Bangladesh,Bangladesh
BAR,Barbados,Barbade,Barbados,Barbados,Barbade,Barbados
BDI,Burundi,Burundi,Burundi,Burundi,Burundi,Burundi
BEL,Belgium,Belgique,Bélgica,Belgium,Belgique,Bélgica
BEN,Benin,Bénin,Benin,Benin,Bénin,Benin
BER,Bermuda,Bermudes,Bermudas,Bermuda,Bermudes,Bermudas
BES,"Bonaire, Sint Eustatius & Saba","Bonaire, Saint-Eustache & Saba","Bonaire, SantoEustáquio e Saba","Bonaire, Sint Eustatius and Saba","Bonaire, Saint-Eustache et Saba","Bonaire, Santo Eustáquio e Saba"
BHU,Bhutan,Bhoutan,Butão,Bhutan,Bhoutan,Butão
BIH,Bosnia and Herzegovina,Bosnie-Herzégovine,Bósnia-Herzegovina,Bosnia and Herzegovina,Bosnie-Herzégovine,Bósnia-Herzegovina
BIZ,Belize,Belize,Belize,Belize,Belize,Belize
BLM,Saint Barthélemy,Saint-Barthélemy,São Bartolomeu,Saint Barthélemy,Saint-Barthélemy,São Bartolomeu
BLR,Belarus,Bélarus,Belarus,Belarus,Bélarus,Belarus
BOL,Bolivia,Bolivie,Bolívia,Bolivia,Bolivie,Bolívia
BOT,Botswana,Botswana,Botsuana,Botswana,Botswana,Botsuana
BRA,Brazil,Brésil,Brasil,Brazil,Brésil,Brasil
BRN,Bahrain,Bahreïn,Bareine,Bahrain,Bahreïn,Bareine
BRU,Brunei Darussalam,Brunéi Darussalam,Brunei Darussalam,Brunei Darussalam,Brunéi Darussalam,Brunei Darussalam
BUL,Bulgaria,Bulgarie,Bulgária,Bulgaria,Bulgarie,Bulgária
BUR,Burkina Faso,Burkina Faso,Burkina Faso,Burkina Faso,Burkina Faso,Burkina Faso
BVT,Bouvet Island,Île Bouvet,Ilha Bouvet,Bouvet Island,Île Bouvet,Ilha Bouvet
CAF,Central African Republic,République Centrafricaine,República Centroafricana,Central African Republic,République Centrafricaine,República Centroafricana
CAM,Cambodia,Cambodge,Camboja,Cambodia,Cambodge,Camboja
CAN,Canada,Canada,Canadá,Canada,Canada,Canadá
CAY,Cayman Islands,Îles Caïmans,Ilhas Cayman,Cayman Islands,Îles Caïmans,Ilhas Cayman
CCK,Cocos Islands,Îles Cocos,Ilhas Cocos,Cocos Islands,Îles Cocos,Ilhas Cocos
CGO,Congo,Congo,Congo,Congo,Congo,Congo
CHA,Chad,Tchad,Chade,Chad,Tchad,Chade
CHI,Chile,Chili,Chile,Chile,Chili,Chile
CHN,People's Republic of China,République populaire de Chine,República Popular da China,People's Republic of China,République populaire de Chine,República Popular da China
CIS,CIS,CIS,CEI,Commonwealth of Independent States,FRA Commonwealth of Independent States,Comunidade dos Estados Independentes
CIV,Côte d'Ivoire,Côte d'Ivoire,Costa do Marfim,Côte d'Ivoire,Côte d'Ivoire,Costa do Marfim
CMR,Cameroon,Cameroun,Camarões,Cameroon,Cameroun,Camarões
COD,DR Congo,RD Congo,"Congo, Rep. Dem.",Democratic Republic of the Congo,République démocratique du Congo,República Democrática do Congo
COK,Cook Islands,Îles Cook,Ilhas Cook,Cook Islands,Îles Cook,Ilhas Cook
COL,Colombia,Colombie,Colômbia,Colombia,Colombie,Colômbia
COM,Comoros,Comores,Comores,Comoros,Comores,Comores
CPV,Cape Verde,Cap-Vert,Cabo Verde,Cape Verde,Cap-Vert,Cabo Verde
CRC,Costa Rica,Costa Rica,Costa Rica,Costa Rica,Costa Rica,Costa Rica
CRO,Croatia,Croatie,Croácia,Croatia,Croatie,Croácia
CUB,Cuba,Cuba,Cuba,Cuba,Cuba,Cuba
CUW,Curaçao,Curaçao,Curaçao,Curaçao,Curaçao,Curaçao
CXR,Christmas Island,Île Christmas,Ilha Christmas,Christmas Island,Île Christmas,Ilha Christmas
CYP,Cyprus,Chypre,Chipre,Cyprus,Chypre,Chipre
CZE,Czech Republic,République tchèque,República Tcheca,Czech Republic,République tchèque,República Tcheca
DEN,Denmark,Danemark,Dinamarca,Denmark,Danemark,Dinamarca
DJI,Djibouti,Djibouti,Djibuti,Djibouti,Djibouti,Djibuti
DMA,Dominica,Dominique,Dominica,Dominica,Dominique,Dominica
DOM,Dominican Republic,République dominicaine,República Dominicana,Dominican Republic,République dominicaine,República Dominicana
ECU,Ecuador,Équateur,Equador,Ecuador,Équateur,Equador
EGY,Egypt,Égypte,Egito,Egypt,Égypte,Egito
ERI,Eritrea,Érythrée,Eritreia,Eritrea,Érythrée,Eritreia
ESA,El Salvador,El Salvador,El Salvador,El Salvador,El Salvador,El Salvador
ESH,Western Sahara,Sahara Occidental,Saara Ocidental,Western Sahara,Sahara Occidental,Saara Ocidental
ESP,Spain,Espagne,Espanha,Spain,Espagne,Espanha
EST,Estonia,Estonie,Estônia,Estonia,Estonie,Estônia
ETH,Ethiopia,Éthiopie,Etiópia,Ethiopia,Éthiopie,Etiópia
EUN,Unified Team,Équipe unifiée,Equipe Unificada,Unified Team,Équipe unifiée,Equipe Unificada
FIJ,Fiji,Fidji,Fiji,Fiji,Fidji,Fiji
FIN,Finland,Finlande,Finlândia,Finland,Finlande,Finlândia
FLK,Falkland Islands,Îles Malouines,Ilhas Malvinas,Falkland Islands,Îles Malouines,Ilhas Malvinas
FRA,France,France,França,France,France,França
FRG,FRG,FRG,Alemanha Ocidental,Federal Republic of Germany,République Fédérale d'Allemagne,República Federal da Alemanha
FRO,Faroe Islands,Îles Féroé,Ilhas Feroé,Faroe Islands,Îles Féroé,Ilhas Feroé
FSM,Federated States of Micronesia,États fédérés de Micronésie,Estad. Federados da Micronésia,Federated States of Micronesia,États fédérés de Micronésie,Estados Federados da Micronésia
GAB,Gabon,Gabon,Gabão,Gabon,Gabon,Gabão
GAM,Gambia,Gambie,Gâmbia,Gambia,Gambie,Gâmbia
GBR,Great Britain,Grande-Bretagne,Grã-Bretanha,Great Britain,Grande-Bretagne,Grã-Bretanha
GBS,Guinea-Bissau,Guinée-Bissau,Guiné-Bissau,Guinea-Bissau,Guinée-Bissau,Guiné-Bissau
GDR,GDR,RDA,Alemanha Oriental,GDR,RDA,República Democrática Alemã
GEO,Georgia,Géorgie,Geórgia,Georgia,Géorgie,Geórgia
GEQ,Equatorial Guinea,Guinée équatoriale,Guiné Equatorial,Equatorial Guinea,Guinée équatoriale,Guiné Equatorial
GER,Germany,Allemagne,Alemanha,Germany,Allemagne,Alemanha
GGY,Guernsey,Guernesey,Guernsey,Guernsey,Guernesey,Guernsey
GHA,Ghana,Ghana,Gana,Ghana,Ghana,Gana
GIB,Gibraltar,Gibraltar,Gibraltar,Gibraltar,Gibraltar,Gibraltar
GLP,Guadeloupe,Guadeloupe,Guadalupe,Guadeloupe,Guadeloupe,Guadalupe
GRE,Greece,Grèce,Grécia,Greece,Grèce,Grécia
GRL,Greenland,Groenland,Groenlândia,Greenland,Groenland,Groenlândia
GRN,Grenada,Grenade,Granada,Grenada,Grenade,Granada
GUA,Guatemala,Guatemala,Guatemala,Guatemala,Guatemala,Guatemala
GUF,French Guiana,Guyane française,Guiana Francesa,French Guiana,Guyane française,Guiana Francesa
GUI,Guinea,Guinée,Guiné,Guinea,Guinée,Guiné
GUM,Guam,Guam,Guam,Guam,Guam,Guam
GUY,Guyana,Guyana,Guiana,Guyana,Guyana,Guiana
HAI,Haiti,Haïti,Haiti,Haiti,Haïti,Haiti
HKG,"Hong Kong, China","Hong Kong, Chine","Hong Kong, China","Hong Kong, China","Hong Kong, Chine","Hong Kong, China"
HMD,Heard Is. and McDonald Is.,Île Heard et Îles MacDonald,Ilha Heard e Ilhas McDonald,Heard Island and McDonald Islands,Île Heard et Îles MacDonald,Ilha Heard e Ilhas McDonald
HON,Honduras,Honduras,Honduras,Honduras,Honduras,Honduras
HUN,Hungary,Hongrie,Hungria,Hungary,Hongrie,Hungria
IMN,Isle of Man,Île de Man,Ilha de Man,Isle of Man,Île de Man,Ilha de Man
INA,Indonesia,Indonésie,Indonésia,Indonesia,Indonésie,Indonésia
IND,India,Inde,Índia,India,Inde,Índia
IOA,Independent Olympic Athlete,Athlète Olympique Indépendant,Atleta Olímpico Independente,Independent Olympic Athlete,Athlète Olympique Indépendant,Atleta Olímpico Independente
IOP,Indep. Olympic Participant,Participant Olympique Indép.,Participante Olímpico Indep.,Independent Olympic Participant,Participant Olympique Indépendant,Participante Olímpico Independente
IOT,British Indian Ocean Territory,Ter. britannique de l'Oc. Ind.,Ter. Britânico do Oc. Índico,British Indian Ocean Territory,Territoire britannique de l'Océan Indien,Território Britânico do Oceano Índico
IPP,Indep. Paralympic Participant,Participant Paralympique Ind.,Participante Paralímpico Ind.,Independent Paralympic Participant,Participant Paralympique Indépendant,Participante Paralímpico Independente
IRI,Islamic Republic of Iran,République islamique d'Iran,República Islâmica do Irã,Islamic Republic of Iran,République islamique d'Iran,República Islâmica do Irã
IRL,Ireland,Irlande,Irlanda,Ireland,Irlande,Irlanda
IRQ,Iraq,Iraq,Iraque,Iraq,Iraq,Iraque
ISL,Iceland,Islande,Islândia,Iceland,Islande,Islândia
ISR,Israel,Israël,Israel,Israel,Israël,Israel
ISV,"Virgin Islands, US",Îles Vierges des États-Unis,"Ilhas Virgens, EU","Virgin Islands, US",Îles Vierges des États-Unis,Ilhas Virgens Americanas
ITA,Italy,Italie,Itália,Italy,Italie,Itália
IVB,"Virgin Islands, British",Îles Vierges britanniques,Ilhas Virgens Britânicas,"Virgin Islands, British",Îles Vierges britanniques,Ilhas Virgens Britânicas
JAM,Jamaica,Jamaïque,Jamaica,Jamaica,Jamaïque,Jamaica
JER,Jersey,Jersey,Jersey,Jersey,Jersey,Jersey
JOR,Jordan,Jordanie,Jordânia,Jordan,Jordanie,Jordânia
JPN,Japan,Japon,Japão,Japan,Japon,Japão
KAZ,Kazakhstan,Kazakhstan,Cazaquistão,Kazakhstan,Kazakhstan,Cazaquistão
KEN,Kenya,Kenya,Quênia,Kenya,Kenya,Quênia
KGZ,Kyrgyzstan,Kirghizistan,Quirguistão,Kyrgyzstan,Kirghizistan,Quirguistão
KIR,Kiribati,Kiribati,Kiribati,Kiribati,Kiribati,Kiribati
KOR,Republic of Korea,République de Corée,República da Coréia,Republic of Korea,République de Corée,República da Coréia
KOS,Kosovo,Kosovo,Kosovo,Kosovo,Kosovo,Kosovo
KSA,Saudi Arabia,Arabie saoudite,Arábia Saudita,Saudi Arabia,Arabie saoudite,Arábia Saudita
KUW,Kuwait,Koweït,Kuaite,Kuwait,Koweït,Kuaite
LAO,Lao People's Democratic Repub.,Répub. Démocrat. Populaire Lao,Rep. Democrática Popular Laos,Lao People's Democratic Republic,République Démocratique Populaire Lao,República Democrática Popular do Laos
LAT,Latvia,Lettonie,Letônia,Latvia,Lettonie,Letônia
LBA,Libya,Libye,Líbia,Libya,Libye,Líbia
LBR,Liberia,Libéria,Libéria,Liberia,Libéria,Libéria
LCA,Saint Lucia,Sainte-Lucie,Santa Lúcia,Saint Lucia,Sainte-Lucie,Santa Lúcia
LES,Lesotho,Lesotho,Lesoto,Lesotho,Lesotho,Lesoto
LIB,Lebanon,Liban,Líbano,Lebanon,Liban,Líbano
LIE,Liechtenstein,Liechtenstein,Liechtenstein,Liechtenstein,Liechtenstein,Liechtenstein
LTU,Lithuania,Lituanie,Lituânia,Lithuania,Lituanie,Lituânia
LUX,Luxembourg,Luxembourg,Luxemburgo,Luxembourg,Luxembourg,Luxemburgo
MAC,"Macao, China","Macao, Chine","Macau, China","Macao, China","Macao, Chine","Macau, China"
MAD,Madagascar,Madagascar,Madagascar,Madagascar,Madagascar,Madagascar
MAF,Saint-Martin (French part),Saint-Martin (PartieFrançaise),São Martinho (França),Saint-Martin,Saint-Martin,São Martinho
MAR,Morocco,Maroc,Marrocos,Morocco,Maroc,Marrocos
MAS,Malaysia,Malaisie,Malásia,Malaysia,Malaisie,Malásia
MAW,Malawi,Malawi,Maláui,Malawi,Malawi,Maláui
MDA,Republic of Moldova,République de Moldova,República da Moldova,Republic of Moldova,République de Moldova,República da Moldova
MDV,Maldives,Maldives,Maldivas,Maldives,Maldives,Maldivas
MEX,Mexico,Mexique,México,Mexico,Mexique,México
MGL,Mongolia,Mongolie,Mongólia,Mongolia,Mongolie,Mongólia
MHL,Marshall Islands,Îles Marshall,Ilhas Marshall,Marshall Islands,Îles Marshall,Ilhas Marshall
MKD,Former Yugoslav Rep. Macedonia,Ex-Rp. Yougoslave de Macédoine,Ex-Rep. Iugoslava da Macedônia,The Former Yugoslav Republic of Macedonia,Ex-République Yougoslave de Macédoine,Ex-República Iugoslava da Macedônia
MLI,Mali,Mali,Mali,Mali,Mali,Mali
MLT,Malta,Malte,Malta,Malta,Malte,Malta
MNE,Montenegro,Monténégro,Montenegro,Montenegro,Monténégro,Montenegro
MNP,Northern Mariana Islands,Îles Mariannes du Nord,Marianas Setentrionais,Northern Marianas Islands,Îles Mariannes du Nord,Marianas Setentrionais
MON,Monaco,Monaco,Mônaco,Monaco,Monaco,Mônaco
MOZ,Mozambique,Mozambique,Moçambique,Mozambique,Mozambique,Moçambique
MRI,Mauritius,Maurice,Maurício,Mauritius,Maurice,Maurício
MSR,Montserrat,Montserrat,Montserrat,Montserrat,Montserrat,Montserrat
MTN,Mauritania,Mauritanie,Mauritânia,Mauritania,Mauritanie,Mauritânia
MTQ,Martinique,Martinique,Martinica,Martinique,Martinique,Martinica
MYA,Myanmar,Myanmar,Myanmar,Myanmar,Myanmar,Myanmar
MYT,Mayotte,Mayotte,Mayotte,Mayotte,Mayotte,Mayotte
NAM,Namibia,Namibie,Namíbia,Namibia,Namibie,Namíbia
NCA,Nicaragua,Nicaragua,Nicarágua,Nicaragua,Nicaragua,Nicarágua
NCL,New Caledonia,Nouvelle-Calédonie,Nova Caledônia,New Caledonia,Nouvelle-Calédonie,Nova Caledônia
NED,Netherlands,Pays-Bas,Países Baixos,Netherlands,Pays-Bas,Países Baixos
NEP,Nepal,Népal,Nepal,Nepal,Népal,Nepal
NFK,Norfolk Island,Île Norfolk,Ilha Norfolk,Norfolk Island,Île Norfolk,Ilha Norfolk
NGR,Nigeria,Nigéria,Nigéria,Nigeria,Nigéria,Nigéria
NIG,Niger,Niger,Níger,Niger,Niger,Níger
NIU,Niue,Niue,Niue,Niue,Niue,Niue
NOR,Norway,Norvège,Noruega,Norway,Norvège,Noruega
NRU,Nauru,Nauru,Nauru,Nauru,Nauru,Nauru
NZL,New Zealand,Nouvelle-Zélande,Nova Zelândia,New Zealand,Nouvelle-Zélande,Nova Zelândia
OMA,Oman,Oman,Omã,Oman,Oman,Omã
PAK,Pakistan,Pakistan,Paquistão,Pakistan,Pakistan,Paquistão
PAN,Panama,Panama,Panamá,Panama,Panama,Panamá
PAR,Paraguay,Paraguay,Paraguai,Paraguay,Paraguay,Paraguai
PCN,Pitcairn Islands,Îles Pitcairn,Ilhas Pitcairn,Pitcairn Islands,Îles Pitcairn,Ilhas Pitcairn
PER,Peru,Pérou,Peru,Peru,Pérou,Peru
PHI,Philippines,Philippines,Filipinas,Philippines,Philippines,Filipinas
PLE,Palestine,Palestine,Palestina,Palestine,Palestine,Palestina
PLW,Palau,Palaos,Palau,Palau,Palaos,Palau
PNG,Papua New Guinea,Papouasie-Nouvelle-Guinée,Papua Nova Guiné,Papua New Guinea,Papouasie-Nouvelle-Guinée,Papua Nova Guiné
POL,Poland,Pologne,Polônia,Poland,Pologne,Polônia
POR,Portugal,Portugal,Portugal,Portugal,Portugal,Portugal
PRK,Dem. People's Repub. of Korea,Répub. populaire dém. de Corée,Rep. Popular Dem. da Coréia,Democratic People's Republic of Korea,République populaire démocratique de Corée,República Popular Democrática da Coréia
PUR,Puerto Rico,Porto Rico,Porto Rico,Puerto Rico,Porto Rico,Porto Rico
PYF,French Polynesia,Polynésie française,Polinésia Francesa,French Polynesia,Polynésie française,Polinésia Francesa
QAT,Qatar,Qatar,Catar,Qatar,Qatar,Catar
REU,Réunion,Réunion,Reunião,Réunion,Réunion,Reunião
ROU,Romania,Roumanie,Romênia,Romania,Roumanie,Romênia
RSA,South Africa,Afrique du Sud,África do Sul,South Africa,Afrique du Sud,África do Sul
RUS,Russian Federation,Fédération de Russie,Federação da Rússia,Russian Federation,Fédération de Russie,Federação da Rússia
RWA,Rwanda,Rwanda,Ruanda,Rwanda,Rwanda,Ruanda
SAM,Samoa,Samoa,Samoa,Samoa,Samoa,Samoa
SCG,Serbia and Montenegro,Serbie-et-Monténégro,Sérvia e Montenegro,Serbia and Montenegro,Serbie-et-Monténégro,Estado da Sérvia e Montenegro
SEN,Senegal,Sénégal,Senegal,Senegal,Sénégal,Senegal
SEY,Seychelles,Seychelles,Seicheles,Seychelles,Seychelles,Seicheles
SGS,S. Georgia and S. Sandwich Is.,Géorgie Sud et Î. Sandwich Sud,Geórgia Sul e Il. Sandwich Sul,South Georgia and the South Sandwich Islands,Géorgie du Sud-et-les Îles Sandwich du Sud,Geórgia do Sul e das Ilhas Sandwich do Sul
SHN,Saint Helena,Sainte-Hélène,Santa Helena,"Saint Helena, Ascension and Tristan da Cunha","Sainte-Hélène, Ascension et Tristan da Cunha","Santa Helena, Ascensão e Tristão da Cunha"
SIN,Singapore,Singapour,Cingapura,Singapore,Singapour,Cingapura
SJM,Svalbard and Jan Mayen,Svalbard et Jan Mayen,Svalbard e Jan Mayen,Svalbard and Jan Mayen,Svalbard et Jan Mayen,Svalbard e Jan Mayen
SKN,Saint Kitts and Nevis,Saint-Kitts-et-Nevis,São Cristóvão e Névis,Saint Kitts and Nevis,Saint-Kitts-et-Nevis,São Cristóvão e Névis
SLE,Sierra Leone,Sierra Leone,Serra Leoa,Sierra Leone,Sierra Leone,Serra Leoa
SLO,Slovenia,Slovénie,Eslovênia,Slovenia,Slovénie,Eslovênia
SMR,San Marino,Saint-Marin,San Marino,San Marino,Saint-Marin,San Marino
SOL,Solomon Islands,Îles Salomon,Ilhas Salomão,Solomon Islands,Îles Salomon,Ilhas Salomão
SOM,Somalia,Somalie,Somália,Somalia,Somalie,Somália
SPM,Saint Pierre and Miquelon,Saint-Pierre-et-Miquelon,Saint-Pierre e Miquelon,Saint Pierre and Miquelon,Saint-Pierre-et-Miquelon,Saint-Pierre e Miquelon
SRB,Serbia,Serbie,Sérvia,Serbia,Serbie,Sérvia
SRI,Sri Lanka,Sri Lanka,Sri Lanka,Sri Lanka,Sri Lanka,Sri Lanka
SSD,South Sudan,Soudan du Sud,Sudão do Sul,South Sudan,Soudan du Sud,Sudão do Sul
STP,Sao Tome and Principe,Sao Tomé-et-Principe,São Tomé e Príncipe,Sao Tome and Principe,Sao Tomé-et-Principe,São Tomé e Príncipe
SUD,Sudan,Soudan,Sudão,Sudan,Soudan,Sudão
SUI,Switzerland,Suisse,Suíça,Switzerland,Suisse,Suíça
SUR,Suriname,Suriname,Suriname,Suriname,Suriname,Suriname
SVK,Slovakia,Slovaquie,Eslováquia,Slovakia,Slovaquie,Eslováquia
SWE,Sweden,Suède,Suécia,Sweden,Suède,Suécia
SWZ,Swaziland,Swaziland,Suazilândia,Swaziland,Swaziland,Suazilândia
SXM,Sint Maarten (Dutch Part),Saint-Martin (PartieNéerland.),São Martinho (Países Baixos),Sint Maarten,Saint-Martin,São Martinho
SYR,Syrian Arab Republic,République arabe syrienne,República Árabe da Síria,Syrian Arab Republic,République arabe syrienne,República Árabe da Síria
TAH,Tahiti,Tahiti,Taiti,Tahiti,Tahiti,Taiti
TAN,United Republic of Tanzania,République unie de Tanzanie,República Unida da Tanzânia,United Republic of Tanzania,République unie de Tanzanie,República Unida da Tanzânia
TCA,Turks and Caicos Islands,Îles Turks-et-Caïcos,Ilhas Turcas e Caicos,Turks and Caicos Islands,Îles Turks-et-Caïcos,Ilhas Turcas e Caicos
TCH,Czechoslovakia,Tchécoslovaquie,Tchecoslováquia,Czechoslovakia,Tchécoslovaquie,Tchecoslováquia
TGA,Tonga,Tonga,Tonga,Tonga,Tonga,Tonga
THA,Thailand,Thaïlande,Tailândia,Thailand,Thaïlande,Tailândia
TJK,Tajikistan,Tadjikistan,Tadjiquistão,Tajikistan,Tadjikistan,Tadjiquistão
TKL,Tokelau,Tokelau,Tokelau,Tokelau,Tokelau,Tokelau
TKM,Turkmenistan,Turkménistan,Turcomenistão,Turkmenistan,Turkménistan,Turcomenistão
TLS,Democratic Repub. Timor-Leste,Répub. Dém. du Timor-Leste,Rep. Dem. de Timor-Leste,Democratic Republic of Timor-Leste,République Démocratique du Timor-Leste,República Democrática de Timor-Leste
TOG,Togo,Togo,Togo,Togo,Togo,Togo
TPE,Chinese Taipei,Chinese Taipei,Taipé Chinesa,Chinese Taipei,Chinese Taipei,Taipé Chinesa
TTO,Trinidad and Tobago,Trinité-et-Tobago,Trinidad e Tobago,Trinidad and Tobago,Trinité-et-Tobago,Trinidad e Tobago
TUN,Tunisia,Tunisie,Tunísia,Tunisia,Tunisie,Tunísia
TUR,Turkey,Turquie,Turquia,Turkey,Turquie,Turquia
TUV,Tuvalu,Tuvalu,Tuvalu,Tuvalu,Tuvalu,Tuvalu
UAE,United Arab Emirates,Émirats Arabes Unis,Emirados Árabes Unidos,United Arab Emirates,Émirats Arabes Unis,Emirados Árabes Unidos
UGA,Uganda,Ouganda,Uganda,Uganda,Ouganda,Uganda
UKR,Ukraine,Ukraine,Ucrânia,Ukraine,Ukraine,Ucrânia
UMI,US Outlying Islands,Îles min. éloignées des É.-U.,Ilhas Menores Distantes dos EU,US Outlying Islands,Îles min. éloignées des É.-U.,Ilhas Menores Distantes dos Estados Unidos
URS,USSR,U.R.S.S.,U.R.S.S.,USSR,U.R.S.S.,União das Repúblicas Socialistas Soviéticas
URU,Uruguay,Uruguay,Uruguai,Uruguay,Uruguay,Uruguai
USA,United States of America,États-Unis d'Amérique,Estados Unidos da América,United States of America,États-Unis d'Amérique,Estados Unidos da América
UZB,Uzbekistan,Ouzbékistan,Uzbequistão,Uzbekistan,Ouzbékistan,Uzbequistão
VAN,Vanuatu,Vanuatu,Vanuatu,Vanuatu,Vanuatu,Vanuatu
VAT,Vatican,Vatican,Vaticano,Vatican,Vatican,Vaticano
VEN,Venezuela,Venezuela,Venezuela,Venezuela,Venezuela,Venezuela
VIE,Vietnam,Vietnam,Vietnã,Vietnam,Vietnam,Vietnã
VIN,St Vincent and the Grenadines,St.-Vincent-et-les-Grenadines,São Vicente e Granadinas,St Vincent and the Grenadines,Saint-Vincent-et-les-Grenadines,São Vicente e Granadinas
WLF,Wallis and Futuna,Wallis-et-Futuna,Wallis e Futuna,Wallis and Futuna,Wallis-et-Futuna,Wallis e Futuna
YEM,Yemen,Yémen,Iêmen,Yemen,Yémen,Iêmen
YUG,Yugoslavia,Yougoslavie,Iugoslávia,The Federal Republic of Yugoslavia,Yougoslavie,República Socialista Federativa da Iugoslávia
ZAM,Zambia,Zambie,Zâmbia,Zambia,Zambie,Zâmbia
ZIM,Zimbabwe,Zimbabwe,Zimbábue,Zimbabwe,Zimbabwe,Zimbábue
